{"_default": {"1": {"id": "530", "eyes": {"iris": {"volume": [2411, 622], "surface_area": [3372, 967], "color_average": [127.86437163002903, 137.0192926045016], "color_std": [16.37795821694136, 14.259975269138458], "distance_between_centers": [305.77283132599916]}, "lens": {"volume": [75549, 35559], "surface_area": [30327, 26621], "radius_axial": [[[29.887794676302804, 30.112205323697196], [30.15776515903586, 30.84223484096414], [31.021628347165418, 29.978371652834582]], [[-16.64664360640063, 22.64664360640063], [31.50659467364102, 24.49340532635898], [22.20039933631429, -17.20039933631429]]], "color_average": [224.49619452276005, 247.02559127084564], "color_std": [52.76952005873547, 26.966140230226994], "distance_between_centers": [209.34597637633232]}, "muscles": {"volume": [14057, 0], "surface_area": [16461, 0], "color_average": [183.5679732517607, NaN], "color_std": [29.325246323963828, NaN], "distance_between_centers": [NaN]}, "nerve": {"volume": [1606], "surface_area": [2157], "color_average": [145.1606475716065], "color_std": [17.840628226631345]}, "retina": {"volume": [344138, 50372], "surface_area": [115967, 37506], "eccentricity_meridional": [0.20043996622184918, 0.4307331933087753], "color_average": [141.63346680692047, 155.56769633923608], "color_std": [23.50239523912617, 20.93661907978657], "distance_between_centers": [198.4696308103949]}}}}}